Lagos Hub,Lagos,"1A, Olabode Street, Ajao Estate, Off MM International Airport Road, Lagos."
PH Hub,Rivers,"Suite 102, Admiralty House, No. 99 Olu Obasanjo Road, PHC, Rivers."
Aba Hub,Abia,28 Aba/Owerri road
Benin Hub,Edo,"57 & 59 Airport Road, Benin City"
Warri Hub,Delta,"Block B, Shop 40, Iye Plaza, 324 KM 4 Refinery Road, Effurun"
Uyo Hub,Akwa Ibom,"39, Barracks Road, Uyo."
Enugu Hub,Enugu,"162, Ogui Road, Enugu"
Onitsha Hub,Anambra,"79,Old market Road, Onitsha"
Owerri Hub,Imo,"115, Weatheral Road"
Calabar Hub,Cross River,26 Marian Road Calabar
Ibadan Hub,Oyo,"1st floor, Omoo House beside Cornerstone Insurance, by oni & sons bus stop, ring road"
Ilorin Hub,Kwara,"Taiwo Road, Opposite Primo Shopping Complex, Ilorin"
Akure Hub,Ondo,"No 34B, Oba Adesida Road,Akure"
Osogbo Hub,Osun,"62, Lailad Complex Odiolowo Oshogbo Opposte Yetty mama Resturant Oshogbo, "
Abeokuta Hub,Ogun,"58, NUD Road, Isabo,Abeokuta"
Ado Ekiti Hub,Ekiti,"CAC Plaza, Opposite Fayose Computer Market, Ado-Ekiti"
Abuja Hub,FCT,"19 Nouakchott Street, off Olusegun Obasanjo Way,Wuse Zone 1,Abuja."
Kaduna Hub,Kaduna,"A3,Ahmadu bello Way, Kaduna"
Maiduguri Hub,Borno,"Ibrahim Kashim Way, Maiduguri"
Gusau Hub,Zamfara,"170, Sanni Abacha Way Gusau."
Kano Hub,Kano,"7c, Muritala Mohammed Way, Kano"
Jos Hub,Plateau,"41, Yakubu Gowon Way, Jos"
Yola Hub,Adamawa,"7, Jimba Road, Opposite Dan Kano, Opposite crescent Car wash. Yola"
Gombe Hub,Gombe,"Gombe State Investment Shopping Complex, Sabo Line, Gombe."
Sokoto Hub,Sokoto,"11 Ahmadu Bello Way, Opposite Savannah Bank."
Bauchi Hub,Bauchi,"Shop 74, Mustapha Katung  Shopping Complex, Amadu Bello Way, Bauchi"
Markurdi Hub,Benue,"Ebony Theatre Troupe Offcie Complex, 1 Ibn Anyamkegh Street High, Makurdi, Benue State."
Minna Hub,Niger,"Shop G4, Awwal Ibrahim Shopping Complex, Opp. Abdulsalami Abubakar Garrage Farm Centre, Tunga, Minna, Niger State."